wavelength_nm,hbo2_cm1_M1,hbr_cm1_M1,source,source_version
250,106112,112736,MNE-Python extinction_coef.mat (Prahl/OMLC),b1fb8933a2ba62028b1dac3ae8bc24da0220d00e
252,105552,112736,MNE-Python extinction_coef.mat (Prahl/OMLC),b1fb8933a2ba62028b1dac3ae8bc24da0220d00e
254,107660,112736,MNE-Python extinction_coef.mat (Prahl/OMLC),b1fb8933a2ba62028b1dac3ae8bc24da0220d00e
256,109788,113824,MNE-Python extinction_coef.mat (Prahl/OMLC),b1fb8933a2ba62028b1dac3ae8bc24da0220d00e
258,112944,115040,MNE-Python extinction_coef.mat (Prahl/OMLC),b1fb8933a2ba62028b1dac3ae8bc24da0220d00e
260,116376,116296,MNE-Python extinction_coef.mat (Prahl/OMLC),b1fb8933a2ba62028b1dac3ae8bc24da0220d00e
262,120188,117564,MNE-Python extinction_coef.mat (Prahl/OMLC),b1fb8933a2ba62028b1dac3ae8bc24da0220d00e
264,124412,118876,MNE-Python extinction_coef.mat (Prahl/OMLC),b1fb8933a2ba62028b1dac3ae8bc24da0220d00e
266,128696,120208,MNE-Python extinction_coef.mat (Prahl/OMLC),b1fb8933a2ba62028b1dac3ae8bc24da0220d00e
268,133064,121544,MNE-Python extinction_coef.mat (Prahl/OMLC),b1fb8933a2ba62028b1dac3ae8bc24da0220d00e
270,136068,122880,MNE-Python extinction_coef.mat (Prahl/OMLC),b1fb8933a2ba62028b1dac3ae8bc24da0220d00e
272,137232,123096,MNE-Python extinction_coef.mat (Prahl/OMLC),b1fb8933a2ba62028b1dac3ae8bc24da0220d00e
274,138408,121952,MNE-Python extinction_coef.mat (Prahl/OMLC),b1fb8933a2ba62028b1dac3ae8bc24da0220d00e
276,137424,120808,MNE-Python extinction_coef.mat (Prahl/OMLC),b1fb8933a2ba62028b1dac3ae8bc24da0220d00e
278,135820,119840,MNE-Python extinction_coef.mat (Prahl/OMLC),b1fb8933a2ba62028b1dac3ae8bc24da0220d00e
280,131936,118872,MNE-Python extinction_coef.mat (Prahl/OMLC),b1fb8933a2ba62028b1dac3ae8bc24da0220d00e
282,127720,117628,MNE-Python extinction_coef.mat (Prahl/OMLC),b1fb8933a2ba62028b1dac3ae8bc24da0220d00e
284,122280,114820,MNE-Python extinction_coef.mat (Prahl/OMLC),b1fb8933a2ba62028b1dac3ae8bc24da0220d00e
286,116508,112008,MNE-Python extinction_coef.mat (Prahl/OMLC),b1fb8933a2ba62028b1dac3ae8bc24da0220d00e
288,108484,107140,MNE-Python extinction_coef.mat (Prahl/OMLC),b1fb8933a2ba62028b1dac3ae8bc24da0220d00e
290,104752,98364,MNE-Python extinction_coef.mat (Prahl/OMLC),b1fb8933a2ba62028b1dac3ae8bc24da0220d00e
292,98936,91636,MNE-Python extinction_coef.mat (Prahl/OMLC),b1fb8933a2ba62028b1dac3ae8bc24da0220d00e
294,88136,85820,MNE-Python extinction_coef.mat (Prahl/OMLC),b1fb8933a2ba62028b1dac3ae8bc24da0220d00e
296,79316,77100,MNE-Python extinction_coef.mat (Prahl/OMLC),b1fb8933a2ba62028b1dac3ae8bc24da0220d00e
298,70884,69444,MNE-Python extinction_coef.mat (Prahl/OMLC),b1fb8933a2ba62028b1dac3ae8bc24da0220d00e
300,65972,64440,MNE-Python extinction_coef.mat (Prahl/OMLC),b1fb8933a2ba62028b1dac3ae8bc24da0220d00e
302,63208,61300,MNE-Python extinction_coef.mat (Prahl/OMLC),b1fb8933a2ba62028b1dac3ae8bc24da0220d00e
304,61952,58828,MNE-Python extinction_coef.mat (Prahl/OMLC),b1fb8933a2ba62028b1dac3ae8bc24da0220d00e
306,62352,56908,MNE-Python extinction_coef.mat (Prahl/OMLC),b1fb8933a2ba62028b1dac3ae8bc24da0220d00e
308,62856,57620,MNE-Python extinction_coef.mat (Prahl/OMLC),b1fb8933a2ba62028b1dac3ae8bc24da0220d00e
310,63352,59156,MNE-Python extinction_coef.mat (Prahl/OMLC),b1fb8933a2ba62028b1dac3ae8bc24da0220d00e
312,65972,62248,MNE-Python extinction_coef.mat (Prahl/OMLC),b1fb8933a2ba62028b1dac3ae8bc24da0220d00e
314,69016,65344,MNE-Python extinction_coef.mat (Prahl/OMLC),b1fb8933a2ba62028b1dac3ae8bc24da0220d00e
316,72404,68312,MNE-Python extinction_coef.mat (Prahl/OMLC),b1fb8933a2ba62028b1dac3ae8bc24da0220d00e
318,75536,71208,MNE-Python extinction_coef.mat (Prahl/OMLC),b1fb8933a2ba62028b1dac3ae8bc24da0220d00e
320,78752,74508,MNE-Python extinction_coef.mat (Prahl/OMLC),b1fb8933a2ba62028b1dac3ae8bc24da0220d00e
322,82256,78284,MNE-Python extinction_coef.mat (Prahl/OMLC),b1fb8933a2ba62028b1dac3ae8bc24da0220d00e
324,85972,82060,MNE-Python extinction_coef.mat (Prahl/OMLC),b1fb8933a2ba62028b1dac3ae8bc24da0220d00e
326,89796,85592,MNE-Python extinction_coef.mat (Prahl/OMLC),b1fb8933a2ba62028b1dac3ae8bc24da0220d00e
328,93768,88516,MNE-Python extinction_coef.mat (Prahl/OMLC),b1fb8933a2ba62028b1dac3ae8bc24da0220d00e
330,97512,90856,MNE-Python extinction_coef.mat (Prahl/OMLC),b1fb8933a2ba62028b1dac3ae8bc24da0220d00e
332,100964,93192,MNE-Python extinction_coef.mat (Prahl/OMLC),b1fb8933a2ba62028b1dac3ae8bc24da0220d00e
334,103504,95532,MNE-Python extinction_coef.mat (Prahl/OMLC),b1fb8933a2ba62028b1dac3ae8bc24da0220d00e
336,104968,99792,MNE-Python extinction_coef.mat (Prahl/OMLC),b1fb8933a2ba62028b1dac3ae8bc24da0220d00e
338,106452,104476,MNE-Python extinction_coef.mat (Prahl/OMLC),b1fb8933a2ba62028b1dac3ae8bc24da0220d00e
340,107884,108472,MNE-Python extinction_coef.mat (Prahl/OMLC),b1fb8933a2ba62028b1dac3ae8bc24da0220d00e
342,109060,110996,MNE-Python extinction_coef.mat (Prahl/OMLC),b1fb8933a2ba62028b1dac3ae8bc24da0220d00e
344,110092,113524,MNE-Python extinction_coef.mat (Prahl/OMLC),b1fb8933a2ba62028b1dac3ae8bc24da0220d00e
346,109032,116052,MNE-Python extinction_coef.mat (Prahl/OMLC),b1fb8933a2ba62028b1dac3ae8bc24da0220d00e
348,107984,118752,MNE-Python extinction_coef.mat (Prahl/OMLC),b1fb8933a2ba62028b1dac3ae8bc24da0220d00e
350,106576,122092,MNE-Python extinction_coef.mat (Prahl/OMLC),b1fb8933a2ba62028b1dac3ae8bc24da0220d00e
352,105040,125436,MNE-Python extinction_coef.mat (Prahl/OMLC),b1fb8933a2ba62028b1dac3ae8bc24da0220d00e
354,103696,128776,MNE-Python extinction_coef.mat (Prahl/OMLC),b1fb8933a2ba62028b1dac3ae8bc24da0220d00e
356,101568,132120,MNE-Python extinction_coef.mat (Prahl/OMLC),b1fb8933a2ba62028b1dac3ae8bc24da0220d00e
358,97828,133632,MNE-Python extinction_coef.mat (Prahl/OMLC),b1fb8933a2ba62028b1dac3ae8bc24da0220d00e
360,94744,134940,MNE-Python extinction_coef.mat (Prahl/OMLC),b1fb8933a2ba62028b1dac3ae8bc24da0220d00e
362,92248,136044,MNE-Python extinction_coef.mat (Prahl/OMLC),b1fb8933a2ba62028b1dac3ae8bc24da0220d00e
364,89836,136972,MNE-Python extinction_coef.mat (Prahl/OMLC),b1fb8933a2ba62028b1dac3ae8bc24da0220d00e
366,88484,137900,MNE-Python extinction_coef.mat (Prahl/OMLC),b1fb8933a2ba62028b1dac3ae8bc24da0220d00e
368,87512,138856,MNE-Python extinction_coef.mat (Prahl/OMLC),b1fb8933a2ba62028b1dac3ae8bc24da0220d00e
370,88176,139968,MNE-Python extinction_coef.mat (Prahl/OMLC),b1fb8933a2ba62028b1dac3ae8bc24da0220d00e
372,91592,141084,MNE-Python extinction_coef.mat (Prahl/OMLC),b1fb8933a2ba62028b1dac3ae8bc24da0220d00e
374,95140,142196,MNE-Python extinction_coef.mat (Prahl/OMLC),b1fb8933a2ba62028b1dac3ae8bc24da0220d00e
376,98936,143312,MNE-Python extinction_coef.mat (Prahl/OMLC),b1fb8933a2ba62028b1dac3ae8bc24da0220d00e
378,103432,144424,MNE-Python extinction_coef.mat (Prahl/OMLC),b1fb8933a2ba62028b1dac3ae8bc24da0220d00e
380,109564,145232,MNE-Python extinction_coef.mat (Prahl/OMLC),b1fb8933a2ba62028b1dac3ae8bc24da0220d00e
382,116968,145232,MNE-Python extinction_coef.mat (Prahl/OMLC),b1fb8933a2ba62028b1dac3ae8bc24da0220d00e
384,125420,148668,MNE-Python extinction_coef.mat (Prahl/OMLC),b1fb8933a2ba62028b1dac3ae8bc24da0220d00e
386,135132,153908,MNE-Python extinction_coef.mat (Prahl/OMLC),b1fb8933a2ba62028b1dac3ae8bc24da0220d00e
388,148100,159544,MNE-Python extinction_coef.mat (Prahl/OMLC),b1fb8933a2ba62028b1dac3ae8bc24da0220d00e
390,167748,167780,MNE-Python extinction_coef.mat (Prahl/OMLC),b1fb8933a2ba62028b1dac3ae8bc24da0220d00e
392,189740,180004,MNE-Python extinction_coef.mat (Prahl/OMLC),b1fb8933a2ba62028b1dac3ae8bc24da0220d00e
394,212060,191540,MNE-Python extinction_coef.mat (Prahl/OMLC),b1fb8933a2ba62028b1dac3ae8bc24da0220d00e
396,231612,202124,MNE-Python extinction_coef.mat (Prahl/OMLC),b1fb8933a2ba62028b1dac3ae8bc24da0220d00e
398,248404,212712,MNE-Python extinction_coef.mat (Prahl/OMLC),b1fb8933a2ba62028b1dac3ae8bc24da0220d00e
400,266232,223296,MNE-Python extinction_coef.mat (Prahl/OMLC),b1fb8933a2ba62028b1dac3ae8bc24da0220d00e
402,284224,236188,MNE-Python extinction_coef.mat (Prahl/OMLC),b1fb8933a2ba62028b1dac3ae8bc24da0220d00e
404,308716,253368,MNE-Python extinction_coef.mat (Prahl/OMLC),b1fb8933a2ba62028b1dac3ae8bc24da0220d00e
406,354208,270548,MNE-Python extinction_coef.mat (Prahl/OMLC),b1fb8933a2ba62028b1dac3ae8bc24da0220d00e
408,422320,287356,MNE-Python extinction_coef.mat (Prahl/OMLC),b1fb8933a2ba62028b1dac3ae8bc24da0220d00e
410,466840,303956,MNE-Python extinction_coef.mat (Prahl/OMLC),b1fb8933a2ba62028b1dac3ae8bc24da0220d00e
412,500200,321344,MNE-Python extinction_coef.mat (Prahl/OMLC),b1fb8933a2ba62028b1dac3ae8bc24da0220d00e
414,524280,342596,MNE-Python extinction_coef.mat (Prahl/OMLC),b1fb8933a2ba62028b1dac3ae8bc24da0220d00e
416,521880,363848,MNE-Python extinction_coef.mat (Prahl/OMLC),b1fb8933a2ba62028b1dac3ae8bc24da0220d00e
418,515520,385680,MNE-Python extinction_coef.mat (Prahl/OMLC),b1fb8933a2ba62028b1dac3ae8bc24da0220d00e
420,480360,407560,MNE-Python extinction_coef.mat (Prahl/OMLC),b1fb8933a2ba62028b1dac3ae8bc24da0220d00e
422,431880,429880,MNE-Python extinction_coef.mat (Prahl/OMLC),b1fb8933a2ba62028b1dac3ae8bc24da0220d00e
424,376236,461200,MNE-Python extinction_coef.mat (Prahl/OMLC),b1fb8933a2ba62028b1dac3ae8bc24da0220d00e
426,326032,481840,MNE-Python extinction_coef.mat (Prahl/OMLC),b1fb8933a2ba62028b1dac3ae8bc24da0220d00e
428,283112,500840,MNE-Python extinction_coef.mat (Prahl/OMLC),b1fb8933a2ba62028b1dac3ae8bc24da0220d00e
430,246072,528600,MNE-Python extinction_coef.mat (Prahl/OMLC),b1fb8933a2ba62028b1dac3ae8bc24da0220d00e
432,214120,552160,MNE-Python extinction_coef.mat (Prahl/OMLC),b1fb8933a2ba62028b1dac3ae8bc24da0220d00e
434,165332,552160,MNE-Python extinction_coef.mat (Prahl/OMLC),b1fb8933a2ba62028b1dac3ae8bc24da0220d00e
436,132820,547040,MNE-Python extinction_coef.mat (Prahl/OMLC),b1fb8933a2ba62028b1dac3ae8bc24da0220d00e
438,119140,501560,MNE-Python extinction_coef.mat (Prahl/OMLC),b1fb8933a2ba62028b1dac3ae8bc24da0220d00e
440,102580,413280,MNE-Python extinction_coef.mat (Prahl/OMLC),b1fb8933a2ba62028b1dac3ae8bc24da0220d00e
442,92780,363240,MNE-Python extinction_coef.mat (Prahl/OMLC),b1fb8933a2ba62028b1dac3ae8bc24da0220d00e
444,81444,282724,MNE-Python extinction_coef.mat (Prahl/OMLC),b1fb8933a2ba62028b1dac3ae8bc24da0220d00e
446,76324,237224,MNE-Python extinction_coef.mat (Prahl/OMLC),b1fb8933a2ba62028b1dac3ae8bc24da0220d00e
448,67044,173320,MNE-Python extinction_coef.mat (Prahl/OMLC),b1fb8933a2ba62028b1dac3ae8bc24da0220d00e
450,62816,103292,MNE-Python extinction_coef.mat (Prahl/OMLC),b1fb8933a2ba62028b1dac3ae8bc24da0220d00e
452,58864,62640,MNE-Python extinction_coef.mat (Prahl/OMLC),b1fb8933a2ba62028b1dac3ae8bc24da0220d00e
454,53552,36170,MNE-Python extinction_coef.mat (Prahl/OMLC),b1fb8933a2ba62028b1dac3ae8bc24da0220d00e
456,49496,30698.8,MNE-Python extinction_coef.mat (Prahl/OMLC),b1fb8933a2ba62028b1dac3ae8bc24da0220d00e
458,47496,25886.4,MNE-Python extinction_coef.mat (Prahl/OMLC),b1fb8933a2ba62028b1dac3ae8bc24da0220d00e
460,44480,23388.8,MNE-Python extinction_coef.mat (Prahl/OMLC),b1fb8933a2ba62028b1dac3ae8bc24da0220d00e
462,41320,20891.2,MNE-Python extinction_coef.mat (Prahl/OMLC),b1fb8933a2ba62028b1dac3ae8bc24da0220d00e
464,39807.2,19260.8,MNE-Python extinction_coef.mat (Prahl/OMLC),b1fb8933a2ba62028b1dac3ae8bc24da0220d00e
466,37073.2,18142.4,MNE-Python extinction_coef.mat (Prahl/OMLC),b1fb8933a2ba62028b1dac3ae8bc24da0220d00e
468,34870.8,17025.6,MNE-Python extinction_coef.mat (Prahl/OMLC),b1fb8933a2ba62028b1dac3ae8bc24da0220d00e
470,33209.2,16156.4,MNE-Python extinction_coef.mat (Prahl/OMLC),b1fb8933a2ba62028b1dac3ae8bc24da0220d00e
472,31620,15310,MNE-Python extinction_coef.mat (Prahl/OMLC),b1fb8933a2ba62028b1dac3ae8bc24da0220d00e
474,30113.6,15048.4,MNE-Python extinction_coef.mat (Prahl/OMLC),b1fb8933a2ba62028b1dac3ae8bc24da0220d00e
476,28850.8,14792.8,MNE-Python extinction_coef.mat (Prahl/OMLC),b1fb8933a2ba62028b1dac3ae8bc24da0220d00e
478,27718,14657.2,MNE-Python extinction_coef.mat (Prahl/OMLC),b1fb8933a2ba62028b1dac3ae8bc24da0220d00e
480,26629.2,14550,MNE-Python extinction_coef.mat (Prahl/OMLC),b1fb8933a2ba62028b1dac3ae8bc24da0220d00e
482,25701.6,14881.2,MNE-Python extinction_coef.mat (Prahl/OMLC),b1fb8933a2ba62028b1dac3ae8bc24da0220d00e
484,25180.4,15212.4,MNE-Python extinction_coef.mat (Prahl/OMLC),b1fb8933a2ba62028b1dac3ae8bc24da0220d00e
486,24669.6,15543.6,MNE-Python extinction_coef.mat (Prahl/OMLC),b1fb8933a2ba62028b1dac3ae8bc24da0220d00e
488,24174.8,15898,MNE-Python extinction_coef.mat (Prahl/OMLC),b1fb8933a2ba62028b1dac3ae8bc24da0220d00e
490,23684.4,16684,MNE-Python extinction_coef.mat (Prahl/OMLC),b1fb8933a2ba62028b1dac3ae8bc24da0220d00e
492,23086.8,17469.6,MNE-Python extinction_coef.mat (Prahl/OMLC),b1fb8933a2ba62028b1dac3ae8bc24da0220d00e
494,22457.6,18255.6,MNE-Python extinction_coef.mat (Prahl/OMLC),b1fb8933a2ba62028b1dac3ae8bc24da0220d00e
496,21850.4,19041.2,MNE-Python extinction_coef.mat (Prahl/OMLC),b1fb8933a2ba62028b1dac3ae8bc24da0220d00e
498,21260,19891.2,MNE-Python extinction_coef.mat (Prahl/OMLC),b1fb8933a2ba62028b1dac3ae8bc24da0220d00e
500,20932.8,20862,MNE-Python extinction_coef.mat (Prahl/OMLC),b1fb8933a2ba62028b1dac3ae8bc24da0220d00e
502,20596.4,21832.8,MNE-Python extinction_coef.mat (Prahl/OMLC),b1fb8933a2ba62028b1dac3ae8bc24da0220d00e
504,20418,22803.6,MNE-Python extinction_coef.mat (Prahl/OMLC),b1fb8933a2ba62028b1dac3ae8bc24da0220d00e
506,19946,23774.4,MNE-Python extinction_coef.mat (Prahl/OMLC),b1fb8933a2ba62028b1dac3ae8bc24da0220d00e
508,19996,24745.2,MNE-Python extinction_coef.mat (Prahl/OMLC),b1fb8933a2ba62028b1dac3ae8bc24da0220d00e
510,20035.2,25773.6,MNE-Python extinction_coef.mat (Prahl/OMLC),b1fb8933a2ba62028b1dac3ae8bc24da0220d00e
512,20150.4,26936.8,MNE-Python extinction_coef.mat (Prahl/OMLC),b1fb8933a2ba62028b1dac3ae8bc24da0220d00e
514,20429.2,28100,MNE-Python extinction_coef.mat (Prahl/OMLC),b1fb8933a2ba62028b1dac3ae8bc24da0220d00e
516,21001.6,29263.2,MNE-Python extinction_coef.mat (Prahl/OMLC),b1fb8933a2ba62028b1dac3ae8bc24da0220d00e
518,22509.6,30426.4,MNE-Python extinction_coef.mat (Prahl/OMLC),b1fb8933a2ba62028b1dac3ae8bc24da0220d00e
520,24202.4,31589.6,MNE-Python extinction_coef.mat (Prahl/OMLC),b1fb8933a2ba62028b1dac3ae8bc24da0220d00e
522,26450.4,32851.2,MNE-Python extinction_coef.mat (Prahl/OMLC),b1fb8933a2ba62028b1dac3ae8bc24da0220d00e
524,29269.2,34397.6,MNE-Python extinction_coef.mat (Prahl/OMLC),b1fb8933a2ba62028b1dac3ae8bc24da0220d00e
526,32496.4,35944,MNE-Python extinction_coef.mat (Prahl/OMLC),b1fb8933a2ba62028b1dac3ae8bc24da0220d00e
528,35990,37490,MNE-Python extinction_coef.mat (Prahl/OMLC),b1fb8933a2ba62028b1dac3ae8bc24da0220d00e
530,39956.8,39036.4,MNE-Python extinction_coef.mat (Prahl/OMLC),b1fb8933a2ba62028b1dac3ae8bc24da0220d00e
532,43876,40584,MNE-Python extinction_coef.mat (Prahl/OMLC),b1fb8933a2ba62028b1dac3ae8bc24da0220d00e
534,46924,42088,MNE-Python extinction_coef.mat (Prahl/OMLC),b1fb8933a2ba62028b1dac3ae8bc24da0220d00e
536,49752,43592,MNE-Python extinction_coef.mat (Prahl/OMLC),b1fb8933a2ba62028b1dac3ae8bc24da0220d00e
538,51712,45092,MNE-Python extinction_coef.mat (Prahl/OMLC),b1fb8933a2ba62028b1dac3ae8bc24da0220d00e
540,53236,46592,MNE-Python extinction_coef.mat (Prahl/OMLC),b1fb8933a2ba62028b1dac3ae8bc24da0220d00e
542,53292,48148,MNE-Python extinction_coef.mat (Prahl/OMLC),b1fb8933a2ba62028b1dac3ae8bc24da0220d00e
544,52096,49708,MNE-Python extinction_coef.mat (Prahl/OMLC),b1fb8933a2ba62028b1dac3ae8bc24da0220d00e
546,49868,51268,MNE-Python extinction_coef.mat (Prahl/OMLC),b1fb8933a2ba62028b1dac3ae8bc24da0220d00e
548,46660,52496,MNE-Python extinction_coef.mat (Prahl/OMLC),b1fb8933a2ba62028b1dac3ae8bc24da0220d00e
550,43016,53412,MNE-Python extinction_coef.mat (Prahl/OMLC),b1fb8933a2ba62028b1dac3ae8bc24da0220d00e
552,39675.2,54080,MNE-Python extinction_coef.mat (Prahl/OMLC),b1fb8933a2ba62028b1dac3ae8bc24da0220d00e
554,36815.2,54520,MNE-Python extinction_coef.mat (Prahl/OMLC),b1fb8933a2ba62028b1dac3ae8bc24da0220d00e
556,34476.8,54540,MNE-Python extinction_coef.mat (Prahl/OMLC),b1fb8933a2ba62028b1dac3ae8bc24da0220d00e
558,33456,54164,MNE-Python extinction_coef.mat (Prahl/OMLC),b1fb8933a2ba62028b1dac3ae8bc24da0220d00e
560,32613.2,53788,MNE-Python extinction_coef.mat (Prahl/OMLC),b1fb8933a2ba62028b1dac3ae8bc24da0220d00e
562,32620,52276,MNE-Python extinction_coef.mat (Prahl/OMLC),b1fb8933a2ba62028b1dac3ae8bc24da0220d00e
564,33915.6,50572,MNE-Python extinction_coef.mat (Prahl/OMLC),b1fb8933a2ba62028b1dac3ae8bc24da0220d00e
566,36495.2,48828,MNE-Python extinction_coef.mat (Prahl/OMLC),b1fb8933a2ba62028b1dac3ae8bc24da0220d00e
568,40172,46948,MNE-Python extinction_coef.mat (Prahl/OMLC),b1fb8933a2ba62028b1dac3ae8bc24da0220d00e
570,44496,45072,MNE-Python extinction_coef.mat (Prahl/OMLC),b1fb8933a2ba62028b1dac3ae8bc24da0220d00e
572,49172,43340,MNE-Python extinction_coef.mat (Prahl/OMLC),b1fb8933a2ba62028b1dac3ae8bc24da0220d00e
574,53308,41716,MNE-Python extinction_coef.mat (Prahl/OMLC),b1fb8933a2ba62028b1dac3ae8bc24da0220d00e
576,55540,40092,MNE-Python extinction_coef.mat (Prahl/OMLC),b1fb8933a2ba62028b1dac3ae8bc24da0220d00e
578,54728,38467.6,MNE-Python extinction_coef.mat (Prahl/OMLC),b1fb8933a2ba62028b1dac3ae8bc24da0220d00e
580,50104,37020,MNE-Python extinction_coef.mat (Prahl/OMLC),b1fb8933a2ba62028b1dac3ae8bc24da0220d00e
582,43304,35676.4,MNE-Python extinction_coef.mat (Prahl/OMLC),b1fb8933a2ba62028b1dac3ae8bc24da0220d00e
584,34639.6,34332.8,MNE-Python extinction_coef.mat (Prahl/OMLC),b1fb8933a2ba62028b1dac3ae8bc24da0220d00e
586,26600.4,32851.6,MNE-Python extinction_coef.mat (Prahl/OMLC),b1fb8933a2ba62028b1dac3ae8bc24da0220d00e
588,19763.2,31075.2,MNE-Python extinction_coef.mat (Prahl/OMLC),b1fb8933a2ba62028b1dac3ae8bc24da0220d00e
590,14400.8,28324.4,MNE-Python extinction_coef.mat (Prahl/OMLC),b1fb8933a2ba62028b1dac3ae8bc24da0220d00e
592,10468.4,25470,MNE-Python extinction_coef.mat (Prahl/OMLC),b1fb8933a2ba62028b1dac3ae8bc24da0220d00e
594,7678.8,22574.8,MNE-Python extinction_coef.mat (Prahl/OMLC),b1fb8933a2ba62028b1dac3ae8bc24da0220d00e
596,5683.6,19800,MNE-Python extinction_coef.mat (Prahl/OMLC),b1fb8933a2ba62028b1dac3ae8bc24da0220d00e
598,4504.4,17058.4,MNE-Python extinction_coef.mat (Prahl/OMLC),b1fb8933a2ba62028b1dac3ae8bc24da0220d00e
600,3200,14677.2,MNE-Python extinction_coef.mat (Prahl/OMLC),b1fb8933a2ba62028b1dac3ae8bc24da0220d00e
602,2664,13622.4,MNE-Python extinction_coef.mat (Prahl/OMLC),b1fb8933a2ba62028b1dac3ae8bc24da0220d00e
604,2128,12567.6,MNE-Python extinction_coef.mat (Prahl/OMLC),b1fb8933a2ba62028b1dac3ae8bc24da0220d00e
606,1789.2,11513.2,MNE-Python extinction_coef.mat (Prahl/OMLC),b1fb8933a2ba62028b1dac3ae8bc24da0220d00e
608,1647.6,10477.6,MNE-Python extinction_coef.mat (Prahl/OMLC),b1fb8933a2ba62028b1dac3ae8bc24da0220d00e
610,1506,9443.6,MNE-Python extinction_coef.mat (Prahl/OMLC),b1fb8933a2ba62028b1dac3ae8bc24da0220d00e
612,1364.4,8591.2,MNE-Python extinction_coef.mat (Prahl/OMLC),b1fb8933a2ba62028b1dac3ae8bc24da0220d00e
614,1222.8,7762,MNE-Python extinction_coef.mat (Prahl/OMLC),b1fb8933a2ba62028b1dac3ae8bc24da0220d00e
616,1110,7344.8,MNE-Python extinction_coef.mat (Prahl/OMLC),b1fb8933a2ba62028b1dac3ae8bc24da0220d00e
618,1026,6927.2,MNE-Python extinction_coef.mat (Prahl/OMLC),b1fb8933a2ba62028b1dac3ae8bc24da0220d00e
620,942,6509.6,MNE-Python extinction_coef.mat (Prahl/OMLC),b1fb8933a2ba62028b1dac3ae8bc24da0220d00e
622,858,6193.2,MNE-Python extinction_coef.mat (Prahl/OMLC),b1fb8933a2ba62028b1dac3ae8bc24da0220d00e
624,774,5906.8,MNE-Python extinction_coef.mat (Prahl/OMLC),b1fb8933a2ba62028b1dac3ae8bc24da0220d00e
626,707.6,5620,MNE-Python extinction_coef.mat (Prahl/OMLC),b1fb8933a2ba62028b1dac3ae8bc24da0220d00e
628,658.8,5366.8,MNE-Python extinction_coef.mat (Prahl/OMLC),b1fb8933a2ba62028b1dac3ae8bc24da0220d00e
630,610,5148.8,MNE-Python extinction_coef.mat (Prahl/OMLC),b1fb8933a2ba62028b1dac3ae8bc24da0220d00e
632,561.2,4930.8,MNE-Python extinction_coef.mat (Prahl/OMLC),b1fb8933a2ba62028b1dac3ae8bc24da0220d00e
634,512.4,4730.8,MNE-Python extinction_coef.mat (Prahl/OMLC),b1fb8933a2ba62028b1dac3ae8bc24da0220d00e
636,478.8,4602.4,MNE-Python extinction_coef.mat (Prahl/OMLC),b1fb8933a2ba62028b1dac3ae8bc24da0220d00e
638,460.4,4473.6,MNE-Python extinction_coef.mat (Prahl/OMLC),b1fb8933a2ba62028b1dac3ae8bc24da0220d00e
640,442,4345.2,MNE-Python extinction_coef.mat (Prahl/OMLC),b1fb8933a2ba62028b1dac3ae8bc24da0220d00e
642,423.6,4216.8,MNE-Python extinction_coef.mat (Prahl/OMLC),b1fb8933a2ba62028b1dac3ae8bc24da0220d00e
644,405.2,4088.4,MNE-Python extinction_coef.mat (Prahl/OMLC),b1fb8933a2ba62028b1dac3ae8bc24da0220d00e
646,390.4,3965.08,MNE-Python extinction_coef.mat (Prahl/OMLC),b1fb8933a2ba62028b1dac3ae8bc24da0220d00e
648,379.2,3857.6,MNE-Python extinction_coef.mat (Prahl/OMLC),b1fb8933a2ba62028b1dac3ae8bc24da0220d00e
650,368,3750.12,MNE-Python extinction_coef.mat (Prahl/OMLC),b1fb8933a2ba62028b1dac3ae8bc24da0220d00e
652,356.8,3642.64,MNE-Python extinction_coef.mat (Prahl/OMLC),b1fb8933a2ba62028b1dac3ae8bc24da0220d00e
654,345.6,3535.16,MNE-Python extinction_coef.mat (Prahl/OMLC),b1fb8933a2ba62028b1dac3ae8bc24da0220d00e
656,335.2,3427.68,MNE-Python extinction_coef.mat (Prahl/OMLC),b1fb8933a2ba62028b1dac3ae8bc24da0220d00e
658,325.6,3320.2,MNE-Python extinction_coef.mat (Prahl/OMLC),b1fb8933a2ba62028b1dac3ae8bc24da0220d00e
660,319.6,3226.56,MNE-Python extinction_coef.mat (Prahl/OMLC),b1fb8933a2ba62028b1dac3ae8bc24da0220d00e
662,314,3140.28,MNE-Python extinction_coef.mat (Prahl/OMLC),b1fb8933a2ba62028b1dac3ae8bc24da0220d00e
664,308.4,3053.96,MNE-Python extinction_coef.mat (Prahl/OMLC),b1fb8933a2ba62028b1dac3ae8bc24da0220d00e
666,302.8,2967.68,MNE-Python extinction_coef.mat (Prahl/OMLC),b1fb8933a2ba62028b1dac3ae8bc24da0220d00e
668,298,2881.4,MNE-Python extinction_coef.mat (Prahl/OMLC),b1fb8933a2ba62028b1dac3ae8bc24da0220d00e
670,294,2795.12,MNE-Python extinction_coef.mat (Prahl/OMLC),b1fb8933a2ba62028b1dac3ae8bc24da0220d00e
672,290,2708.84,MNE-Python extinction_coef.mat (Prahl/OMLC),b1fb8933a2ba62028b1dac3ae8bc24da0220d00e
674,285.6,2627.64,MNE-Python extinction_coef.mat (Prahl/OMLC),b1fb8933a2ba62028b1dac3ae8bc24da0220d00e
676,282,2554.4,MNE-Python extinction_coef.mat (Prahl/OMLC),b1fb8933a2ba62028b1dac3ae8bc24da0220d00e
678,279.2,2481.16,MNE-Python extinction_coef.mat (Prahl/OMLC),b1fb8933a2ba62028b1dac3ae8bc24da0220d00e
680,277.6,2407.92,MNE-Python extinction_coef.mat (Prahl/OMLC),b1fb8933a2ba62028b1dac3ae8bc24da0220d00e
682,276,2334.68,MNE-Python extinction_coef.mat (Prahl/OMLC),b1fb8933a2ba62028b1dac3ae8bc24da0220d00e
684,274.4,2261.48,MNE-Python extinction_coef.mat (Prahl/OMLC),b1fb8933a2ba62028b1dac3ae8bc24da0220d00e
686,272.8,2188.24,MNE-Python extinction_coef.mat (Prahl/OMLC),b1fb8933a2ba62028b1dac3ae8bc24da0220d00e
688,274.4,2115,MNE-Python extinction_coef.mat (Prahl/OMLC),b1fb8933a2ba62028b1dac3ae8bc24da0220d00e
690,276,2051.96,MNE-Python extinction_coef.mat (Prahl/OMLC),b1fb8933a2ba62028b1dac3ae8bc24da0220d00e
692,277.6,2000.48,MNE-Python extinction_coef.mat (Prahl/OMLC),b1fb8933a2ba62028b1dac3ae8bc24da0220d00e
694,279.2,1949.04,MNE-Python extinction_coef.mat (Prahl/OMLC),b1fb8933a2ba62028b1dac3ae8bc24da0220d00e
696,282,1897.56,MNE-Python extinction_coef.mat (Prahl/OMLC),b1fb8933a2ba62028b1dac3ae8bc24da0220d00e
698,286,1846.08,MNE-Python extinction_coef.mat (Prahl/OMLC),b1fb8933a2ba62028b1dac3ae8bc24da0220d00e
700,290,1794.28,MNE-Python extinction_coef.mat (Prahl/OMLC),b1fb8933a2ba62028b1dac3ae8bc24da0220d00e
702,294,1741,MNE-Python extinction_coef.mat (Prahl/OMLC),b1fb8933a2ba62028b1dac3ae8bc24da0220d00e
704,298,1687.76,MNE-Python extinction_coef.mat (Prahl/OMLC),b1fb8933a2ba62028b1dac3ae8bc24da0220d00e
706,302.8,1634.48,MNE-Python extinction_coef.mat (Prahl/OMLC),b1fb8933a2ba62028b1dac3ae8bc24da0220d00e
708,308.4,1583.52,MNE-Python extinction_coef.mat (Prahl/OMLC),b1fb8933a2ba62028b1dac3ae8bc24da0220d00e
710,314,1540.48,MNE-Python extinction_coef.mat (Prahl/OMLC),b1fb8933a2ba62028b1dac3ae8bc24da0220d00e
712,319.6,1497.4,MNE-Python extinction_coef.mat (Prahl/OMLC),b1fb8933a2ba62028b1dac3ae8bc24da0220d00e
714,325.2,1454.36,MNE-Python extinction_coef.mat (Prahl/OMLC),b1fb8933a2ba62028b1dac3ae8bc24da0220d00e
716,332,1411.32,MNE-Python extinction_coef.mat (Prahl/OMLC),b1fb8933a2ba62028b1dac3ae8bc24da0220d00e
718,340,1368.28,MNE-Python extinction_coef.mat (Prahl/OMLC),b1fb8933a2ba62028b1dac3ae8bc24da0220d00e
720,348,1325.88,MNE-Python extinction_coef.mat (Prahl/OMLC),b1fb8933a2ba62028b1dac3ae8bc24da0220d00e
722,356,1285.16,MNE-Python extinction_coef.mat (Prahl/OMLC),b1fb8933a2ba62028b1dac3ae8bc24da0220d00e
724,364,1244.44,MNE-Python extinction_coef.mat (Prahl/OMLC),b1fb8933a2ba62028b1dac3ae8bc24da0220d00e
726,372.4,1203.68,MNE-Python extinction_coef.mat (Prahl/OMLC),b1fb8933a2ba62028b1dac3ae8bc24da0220d00e
728,381.2,1152.8,MNE-Python extinction_coef.mat (Prahl/OMLC),b1fb8933a2ba62028b1dac3ae8bc24da0220d00e
730,390,1102.2,MNE-Python extinction_coef.mat (Prahl/OMLC),b1fb8933a2ba62028b1dac3ae8bc24da0220d00e
732,398.8,1102.2,MNE-Python extinction_coef.mat (Prahl/OMLC),b1fb8933a2ba62028b1dac3ae8bc24da0220d00e
734,407.6,1102.2,MNE-Python extinction_coef.mat (Prahl/OMLC),b1fb8933a2ba62028b1dac3ae8bc24da0220d00e
736,418.8,1101.76,MNE-Python extinction_coef.mat (Prahl/OMLC),b1fb8933a2ba62028b1dac3ae8bc24da0220d00e
738,432.4,1100.48,MNE-Python extinction_coef.mat (Prahl/OMLC),b1fb8933a2ba62028b1dac3ae8bc24da0220d00e
740,446,1115.88,MNE-Python extinction_coef.mat (Prahl/OMLC),b1fb8933a2ba62028b1dac3ae8bc24da0220d00e
742,459.6,1161.64,MNE-Python extinction_coef.mat (Prahl/OMLC),b1fb8933a2ba62028b1dac3ae8bc24da0220d00e
744,473.2,1207.4,MNE-Python extinction_coef.mat (Prahl/OMLC),b1fb8933a2ba62028b1dac3ae8bc24da0220d00e
746,487.6,1266.04,MNE-Python extinction_coef.mat (Prahl/OMLC),b1fb8933a2ba62028b1dac3ae8bc24da0220d00e
748,502.8,1333.24,MNE-Python extinction_coef.mat (Prahl/OMLC),b1fb8933a2ba62028b1dac3ae8bc24da0220d00e
750,518,1405.24,MNE-Python extinction_coef.mat (Prahl/OMLC),b1fb8933a2ba62028b1dac3ae8bc24da0220d00e
752,533.2,1515.32,MNE-Python extinction_coef.mat (Prahl/OMLC),b1fb8933a2ba62028b1dac3ae8bc24da0220d00e
754,548.4,1541.76,MNE-Python extinction_coef.mat (Prahl/OMLC),b1fb8933a2ba62028b1dac3ae8bc24da0220d00e
756,562,1560.48,MNE-Python extinction_coef.mat (Prahl/OMLC),b1fb8933a2ba62028b1dac3ae8bc24da0220d00e
758,574,1560.48,MNE-Python extinction_coef.mat (Prahl/OMLC),b1fb8933a2ba62028b1dac3ae8bc24da0220d00e
760,586,1548.52,MNE-Python extinction_coef.mat (Prahl/OMLC),b1fb8933a2ba62028b1dac3ae8bc24da0220d00e
762,598,1508.44,MNE-Python extinction_coef.mat (Prahl/OMLC),b1fb8933a2ba62028b1dac3ae8bc24da0220d00e
764,610,1459.56,MNE-Python extinction_coef.mat (Prahl/OMLC),b1fb8933a2ba62028b1dac3ae8bc24da0220d00e
766,622.8,1410.52,MNE-Python extinction_coef.mat (Prahl/OMLC),b1fb8933a2ba62028b1dac3ae8bc24da0220d00e
768,636.4,1361.32,MNE-Python extinction_coef.mat (Prahl/OMLC),b1fb8933a2ba62028b1dac3ae8bc24da0220d00e
770,650,1311.88,MNE-Python extinction_coef.mat (Prahl/OMLC),b1fb8933a2ba62028b1dac3ae8bc24da0220d00e
772,663.6,1262.44,MNE-Python extinction_coef.mat (Prahl/OMLC),b1fb8933a2ba62028b1dac3ae8bc24da0220d00e
774,677.2,1213,MNE-Python extinction_coef.mat (Prahl/OMLC),b1fb8933a2ba62028b1dac3ae8bc24da0220d00e
776,689.2,1163.56,MNE-Python extinction_coef.mat (Prahl/OMLC),b1fb8933a2ba62028b1dac3ae8bc24da0220d00e
778,699.6,1114.8,MNE-Python extinction_coef.mat (Prahl/OMLC),b1fb8933a2ba62028b1dac3ae8bc24da0220d00e
780,710,1075.44,MNE-Python extinction_coef.mat (Prahl/OMLC),b1fb8933a2ba62028b1dac3ae8bc24da0220d00e
782,720.4,1036.08,MNE-Python extinction_coef.mat (Prahl/OMLC),b1fb8933a2ba62028b1dac3ae8bc24da0220d00e
784,730.8,996.72,MNE-Python extinction_coef.mat (Prahl/OMLC),b1fb8933a2ba62028b1dac3ae8bc24da0220d00e
786,740,957.36,MNE-Python extinction_coef.mat (Prahl/OMLC),b1fb8933a2ba62028b1dac3ae8bc24da0220d00e
788,748,921.8,MNE-Python extinction_coef.mat (Prahl/OMLC),b1fb8933a2ba62028b1dac3ae8bc24da0220d00e
790,756,890.8,MNE-Python extinction_coef.mat (Prahl/OMLC),b1fb8933a2ba62028b1dac3ae8bc24da0220d00e
792,764,859.8,MNE-Python extinction_coef.mat (Prahl/OMLC),b1fb8933a2ba62028b1dac3ae8bc24da0220d00e
794,772,828.8,MNE-Python extinction_coef.mat (Prahl/OMLC),b1fb8933a2ba62028b1dac3ae8bc24da0220d00e
796,786.4,802.96,MNE-Python extinction_coef.mat (Prahl/OMLC),b1fb8933a2ba62028b1dac3ae8bc24da0220d00e
798,807.2,782.36,MNE-Python extinction_coef.mat (Prahl/OMLC),b1fb8933a2ba62028b1dac3ae8bc24da0220d00e
800,816,761.72,MNE-Python extinction_coef.mat (Prahl/OMLC),b1fb8933a2ba62028b1dac3ae8bc24da0220d00e
802,828,743.84,MNE-Python extinction_coef.mat (Prahl/OMLC),b1fb8933a2ba62028b1dac3ae8bc24da0220d00e
804,836,737.08,MNE-Python extinction_coef.mat (Prahl/OMLC),b1fb8933a2ba62028b1dac3ae8bc24da0220d00e
806,844,730.28,MNE-Python extinction_coef.mat (Prahl/OMLC),b1fb8933a2ba62028b1dac3ae8bc24da0220d00e
808,856,723.52,MNE-Python extinction_coef.mat (Prahl/OMLC),b1fb8933a2ba62028b1dac3ae8bc24da0220d00e
810,864,717.08,MNE-Python extinction_coef.mat (Prahl/OMLC),b1fb8933a2ba62028b1dac3ae8bc24da0220d00e
812,872,711.84,MNE-Python extinction_coef.mat (Prahl/OMLC),b1fb8933a2ba62028b1dac3ae8bc24da0220d00e
814,880,706.6,MNE-Python extinction_coef.mat (Prahl/OMLC),b1fb8933a2ba62028b1dac3ae8bc24da0220d00e
816,887.2,701.32,MNE-Python extinction_coef.mat (Prahl/OMLC),b1fb8933a2ba62028b1dac3ae8bc24da0220d00e
818,901.6,696.08,MNE-Python extinction_coef.mat (Prahl/OMLC),b1fb8933a2ba62028b1dac3ae8bc24da0220d00e
820,916,693.76,MNE-Python extinction_coef.mat (Prahl/OMLC),b1fb8933a2ba62028b1dac3ae8bc24da0220d00e
822,930.4,693.6,MNE-Python extinction_coef.mat (Prahl/OMLC),b1fb8933a2ba62028b1dac3ae8bc24da0220d00e
824,944.8,693.48,MNE-Python extinction_coef.mat (Prahl/OMLC),b1fb8933a2ba62028b1dac3ae8bc24da0220d00e
826,956.4,693.32,MNE-Python extinction_coef.mat (Prahl/OMLC),b1fb8933a2ba62028b1dac3ae8bc24da0220d00e
828,965.2,693.2,MNE-Python extinction_coef.mat (Prahl/OMLC),b1fb8933a2ba62028b1dac3ae8bc24da0220d00e
830,974,693.04,MNE-Python extinction_coef.mat (Prahl/OMLC),b1fb8933a2ba62028b1dac3ae8bc24da0220d00e
832,982.8,692.92,MNE-Python extinction_coef.mat (Prahl/OMLC),b1fb8933a2ba62028b1dac3ae8bc24da0220d00e
834,991.6,692.76,MNE-Python extinction_coef.mat (Prahl/OMLC),b1fb8933a2ba62028b1dac3ae8bc24da0220d00e
836,1001.2,692.64,MNE-Python extinction_coef.mat (Prahl/OMLC),b1fb8933a2ba62028b1dac3ae8bc24da0220d00e
838,1011.6,692.48,MNE-Python extinction_coef.mat (Prahl/OMLC),b1fb8933a2ba62028b1dac3ae8bc24da0220d00e
840,1022,692.36,MNE-Python extinction_coef.mat (Prahl/OMLC),b1fb8933a2ba62028b1dac3ae8bc24da0220d00e
842,1032.4,692.2,MNE-Python extinction_coef.mat (Prahl/OMLC),b1fb8933a2ba62028b1dac3ae8bc24da0220d00e
844,1042.8,691.96,MNE-Python extinction_coef.mat (Prahl/OMLC),b1fb8933a2ba62028b1dac3ae8bc24da0220d00e
846,1050,691.76,MNE-Python extinction_coef.mat (Prahl/OMLC),b1fb8933a2ba62028b1dac3ae8bc24da0220d00e
848,1054,691.52,MNE-Python extinction_coef.mat (Prahl/OMLC),b1fb8933a2ba62028b1dac3ae8bc24da0220d00e
850,1058,691.32,MNE-Python extinction_coef.mat (Prahl/OMLC),b1fb8933a2ba62028b1dac3ae8bc24da0220d00e
852,1062,691.08,MNE-Python extinction_coef.mat (Prahl/OMLC),b1fb8933a2ba62028b1dac3ae8bc24da0220d00e
854,1066,690.88,MNE-Python extinction_coef.mat (Prahl/OMLC),b1fb8933a2ba62028b1dac3ae8bc24da0220d00e
856,1072.8,690.64,MNE-Python extinction_coef.mat (Prahl/OMLC),b1fb8933a2ba62028b1dac3ae8bc24da0220d00e
858,1082.4,692.44,MNE-Python extinction_coef.mat (Prahl/OMLC),b1fb8933a2ba62028b1dac3ae8bc24da0220d00e
860,1092,694.32,MNE-Python extinction_coef.mat (Prahl/OMLC),b1fb8933a2ba62028b1dac3ae8bc24da0220d00e
862,1101.6,696.2,MNE-Python extinction_coef.mat (Prahl/OMLC),b1fb8933a2ba62028b1dac3ae8bc24da0220d00e
864,1111.2,698.04,MNE-Python extinction_coef.mat (Prahl/OMLC),b1fb8933a2ba62028b1dac3ae8bc24da0220d00e
866,1118.4,699.92,MNE-Python extinction_coef.mat (Prahl/OMLC),b1fb8933a2ba62028b1dac3ae8bc24da0220d00e
868,1123.2,701.8,MNE-Python extinction_coef.mat (Prahl/OMLC),b1fb8933a2ba62028b1dac3ae8bc24da0220d00e
870,1128,705.84,MNE-Python extinction_coef.mat (Prahl/OMLC),b1fb8933a2ba62028b1dac3ae8bc24da0220d00e
872,1132.8,709.96,MNE-Python extinction_coef.mat (Prahl/OMLC),b1fb8933a2ba62028b1dac3ae8bc24da0220d00e
874,1137.6,714.08,MNE-Python extinction_coef.mat (Prahl/OMLC),b1fb8933a2ba62028b1dac3ae8bc24da0220d00e
876,1142.8,718.2,MNE-Python extinction_coef.mat (Prahl/OMLC),b1fb8933a2ba62028b1dac3ae8bc24da0220d00e
878,1148.4,722.32,MNE-Python extinction_coef.mat (Prahl/OMLC),b1fb8933a2ba62028b1dac3ae8bc24da0220d00e
880,1154,726.44,MNE-Python extinction_coef.mat (Prahl/OMLC),b1fb8933a2ba62028b1dac3ae8bc24da0220d00e
882,1159.6,729.84,MNE-Python extinction_coef.mat (Prahl/OMLC),b1fb8933a2ba62028b1dac3ae8bc24da0220d00e
884,1165.2,733.2,MNE-Python extinction_coef.mat (Prahl/OMLC),b1fb8933a2ba62028b1dac3ae8bc24da0220d00e
886,1170,736.6,MNE-Python extinction_coef.mat (Prahl/OMLC),b1fb8933a2ba62028b1dac3ae8bc24da0220d00e
888,1174,739.96,MNE-Python extinction_coef.mat (Prahl/OMLC),b1fb8933a2ba62028b1dac3ae8bc24da0220d00e
890,1178,743.6,MNE-Python extinction_coef.mat (Prahl/OMLC),b1fb8933a2ba62028b1dac3ae8bc24da0220d00e
892,1182,747.24,MNE-Python extinction_coef.mat (Prahl/OMLC),b1fb8933a2ba62028b1dac3ae8bc24da0220d00e
894,1186,750.88,MNE-Python extinction_coef.mat (Prahl/OMLC),b1fb8933a2ba62028b1dac3ae8bc24da0220d00e
896,1190,754.52,MNE-Python extinction_coef.mat (Prahl/OMLC),b1fb8933a2ba62028b1dac3ae8bc24da0220d00e
898,1194,758.16,MNE-Python extinction_coef.mat (Prahl/OMLC),b1fb8933a2ba62028b1dac3ae8bc24da0220d00e
900,1198,761.84,MNE-Python extinction_coef.mat (Prahl/OMLC),b1fb8933a2ba62028b1dac3ae8bc24da0220d00e
902,1202,765.04,MNE-Python extinction_coef.mat (Prahl/OMLC),b1fb8933a2ba62028b1dac3ae8bc24da0220d00e
904,1206,767.44,MNE-Python extinction_coef.mat (Prahl/OMLC),b1fb8933a2ba62028b1dac3ae8bc24da0220d00e
906,1209.2,769.8,MNE-Python extinction_coef.mat (Prahl/OMLC),b1fb8933a2ba62028b1dac3ae8bc24da0220d00e
908,1211.6,772.16,MNE-Python extinction_coef.mat (Prahl/OMLC),b1fb8933a2ba62028b1dac3ae8bc24da0220d00e
910,1214,774.56,MNE-Python extinction_coef.mat (Prahl/OMLC),b1fb8933a2ba62028b1dac3ae8bc24da0220d00e
912,1216.4,776.92,MNE-Python extinction_coef.mat (Prahl/OMLC),b1fb8933a2ba62028b1dac3ae8bc24da0220d00e
914,1218.8,778.4,MNE-Python extinction_coef.mat (Prahl/OMLC),b1fb8933a2ba62028b1dac3ae8bc24da0220d00e
916,1220.8,778.04,MNE-Python extinction_coef.mat (Prahl/OMLC),b1fb8933a2ba62028b1dac3ae8bc24da0220d00e
918,1222.4,777.72,MNE-Python extinction_coef.mat (Prahl/OMLC),b1fb8933a2ba62028b1dac3ae8bc24da0220d00e
920,1224,777.36,MNE-Python extinction_coef.mat (Prahl/OMLC),b1fb8933a2ba62028b1dac3ae8bc24da0220d00e
922,1225.6,777.04,MNE-Python extinction_coef.mat (Prahl/OMLC),b1fb8933a2ba62028b1dac3ae8bc24da0220d00e
924,1227.2,776.64,MNE-Python extinction_coef.mat (Prahl/OMLC),b1fb8933a2ba62028b1dac3ae8bc24da0220d00e
926,1226.8,772.36,MNE-Python extinction_coef.mat (Prahl/OMLC),b1fb8933a2ba62028b1dac3ae8bc24da0220d00e
928,1224.4,768.08,MNE-Python extinction_coef.mat (Prahl/OMLC),b1fb8933a2ba62028b1dac3ae8bc24da0220d00e
930,1222,763.84,MNE-Python extinction_coef.mat (Prahl/OMLC),b1fb8933a2ba62028b1dac3ae8bc24da0220d00e
932,1219.6,752.28,MNE-Python extinction_coef.mat (Prahl/OMLC),b1fb8933a2ba62028b1dac3ae8bc24da0220d00e
934,1217.2,737.56,MNE-Python extinction_coef.mat (Prahl/OMLC),b1fb8933a2ba62028b1dac3ae8bc24da0220d00e
936,1215.6,722.88,MNE-Python extinction_coef.mat (Prahl/OMLC),b1fb8933a2ba62028b1dac3ae8bc24da0220d00e
938,1214.8,708.16,MNE-Python extinction_coef.mat (Prahl/OMLC),b1fb8933a2ba62028b1dac3ae8bc24da0220d00e
940,1214,693.44,MNE-Python extinction_coef.mat (Prahl/OMLC),b1fb8933a2ba62028b1dac3ae8bc24da0220d00e
942,1213.2,678.72,MNE-Python extinction_coef.mat (Prahl/OMLC),b1fb8933a2ba62028b1dac3ae8bc24da0220d00e
944,1212.4,660.52,MNE-Python extinction_coef.mat (Prahl/OMLC),b1fb8933a2ba62028b1dac3ae8bc24da0220d00e
946,1210.4,641.08,MNE-Python extinction_coef.mat (Prahl/OMLC),b1fb8933a2ba62028b1dac3ae8bc24da0220d00e
948,1207.2,621.64,MNE-Python extinction_coef.mat (Prahl/OMLC),b1fb8933a2ba62028b1dac3ae8bc24da0220d00e
950,1204,602.24,MNE-Python extinction_coef.mat (Prahl/OMLC),b1fb8933a2ba62028b1dac3ae8bc24da0220d00e
952,1200.8,583.4,MNE-Python extinction_coef.mat (Prahl/OMLC),b1fb8933a2ba62028b1dac3ae8bc24da0220d00e
954,1197.6,568.92,MNE-Python extinction_coef.mat (Prahl/OMLC),b1fb8933a2ba62028b1dac3ae8bc24da0220d00e
956,1194,554.48,MNE-Python extinction_coef.mat (Prahl/OMLC),b1fb8933a2ba62028b1dac3ae8bc24da0220d00e
958,1190,540.04,MNE-Python extinction_coef.mat (Prahl/OMLC),b1fb8933a2ba62028b1dac3ae8bc24da0220d00e
960,1186,525.56,MNE-Python extinction_coef.mat (Prahl/OMLC),b1fb8933a2ba62028b1dac3ae8bc24da0220d00e
962,1182,511.12,MNE-Python extinction_coef.mat (Prahl/OMLC),b1fb8933a2ba62028b1dac3ae8bc24da0220d00e
964,1178,495.36,MNE-Python extinction_coef.mat (Prahl/OMLC),b1fb8933a2ba62028b1dac3ae8bc24da0220d00e
966,1173.2,473.32,MNE-Python extinction_coef.mat (Prahl/OMLC),b1fb8933a2ba62028b1dac3ae8bc24da0220d00e
968,1167.6,451.32,MNE-Python extinction_coef.mat (Prahl/OMLC),b1fb8933a2ba62028b1dac3ae8bc24da0220d00e
970,1162,429.32,MNE-Python extinction_coef.mat (Prahl/OMLC),b1fb8933a2ba62028b1dac3ae8bc24da0220d00e
972,1156.4,415.28,MNE-Python extinction_coef.mat (Prahl/OMLC),b1fb8933a2ba62028b1dac3ae8bc24da0220d00e
974,1150.8,402.28,MNE-Python extinction_coef.mat (Prahl/OMLC),b1fb8933a2ba62028b1dac3ae8bc24da0220d00e
976,1144,389.288,MNE-Python extinction_coef.mat (Prahl/OMLC),b1fb8933a2ba62028b1dac3ae8bc24da0220d00e
978,1136,374.944,MNE-Python extinction_coef.mat (Prahl/OMLC),b1fb8933a2ba62028b1dac3ae8bc24da0220d00e
980,1128,359.656,MNE-Python extinction_coef.mat (Prahl/OMLC),b1fb8933a2ba62028b1dac3ae8bc24da0220d00e
982,1120,344.372,MNE-Python extinction_coef.mat (Prahl/OMLC),b1fb8933a2ba62028b1dac3ae8bc24da0220d00e
984,1112,329.084,MNE-Python extinction_coef.mat (Prahl/OMLC),b1fb8933a2ba62028b1dac3ae8bc24da0220d00e
986,1102.4,313.796,MNE-Python extinction_coef.mat (Prahl/OMLC),b1fb8933a2ba62028b1dac3ae8bc24da0220d00e
988,1091.2,298.508,MNE-Python extinction_coef.mat (Prahl/OMLC),b1fb8933a2ba62028b1dac3ae8bc24da0220d00e
990,1080,283.22,MNE-Python extinction_coef.mat (Prahl/OMLC),b1fb8933a2ba62028b1dac3ae8bc24da0220d00e
992,1068.8,267.932,MNE-Python extinction_coef.mat (Prahl/OMLC),b1fb8933a2ba62028b1dac3ae8bc24da0220d00e
994,1057.6,252.648,MNE-Python extinction_coef.mat (Prahl/OMLC),b1fb8933a2ba62028b1dac3ae8bc24da0220d00e
996,1046.4,237.36,MNE-Python extinction_coef.mat (Prahl/OMLC),b1fb8933a2ba62028b1dac3ae8bc24da0220d00e
998,1035.2,222.072,MNE-Python extinction_coef.mat (Prahl/OMLC),b1fb8933a2ba62028b1dac3ae8bc24da0220d00e
1000,1024,206.784,MNE-Python extinction_coef.mat (Prahl/OMLC),b1fb8933a2ba62028b1dac3ae8bc24da0220d00e
